Repetition;Genotype;Salt;NSeeds;Ev00;Ev01;Ev02;Ev03;Ev04;Ev05;Ev06;Ev07;Ev08;Ev09;Ev10;Ev11;Ev12;Ev13;Ev14;Ev15;Ev16;Ev17;Ev18;Ev19;Ev20;Ev21;Ev22;Ev23;Ev24;Ev25
R1;G5;0;25;0;0;0;0;0;2;6;10;1;1;2;0;0;0;1;0;0;0;0;0;0;0;0;0;0;0
R1;G1;0;25;0;0;0;0;0;1;5;2;3;7;2;2;0;0;0;0;0;0;0;0;0;0;0;0;0;0
R1;G6;0;25;0;0;0;0;6;5;7;3;0;0;2;0;0;0;0;0;0;0;0;0;0;0;0;0;0;0
R1;G3;0;25;0;0;0;0;0;4;4;3;0;1;2;3;2;0;1;0;0;0;0;0;0;0;0;0;0;0
R1;G4;0;25;0;0;0;0;0;5;5;2;2;1;1;1;0;0;0;0;0;0;0;0;0;0;0;0;0;0
R1;G2;0;25;0;0;0;0;0;4;3;10;2;1;2;1;0;0;1;0;0;0;0;0;0;0;0;0;0;0
R1;G5;100;25;0;0;0;0;0;0;1;0;0;0;2;0;0;0;1;1;0;0;0;0;0;0;0;0;0;0
R1;G1;100;25;0;0;0;0;0;0;0;1;0;0;0;0;2;1;1;2;0;0;0;0;0;0;0;0;0;0
R1;G6;100;25;0;0;0;0;0;0;0;1;0;0;1;0;0;0;0;2;0;0;0;0;0;0;0;0;0;0
R1;G3;100;25;0;0;0;0;0;0;0;0;0;0;1;0;1;0;0;0;0;0;0;0;0;0;0;0;0;0
R1;G2;100;25;0;0;0;0;0;0;0;1;0;0;0;1;0;0;0;0;0;0;0;0;0;0;0;0;0;0
R1;G5;50;25;0;0;0;0;0;0;0;4;3;3;4;3;1;0;0;1;0;0;0;0;0;0;0;0;0;0
R1;G1;50;25;0;0;0;0;0;0;0;4;1;1;6;2;2;0;2;2;0;0;0;0;0;0;0;0;0;0
R1;G6;50;25;0;0;0;0;1;1;5;4;3;3;2;0;1;3;0;0;0;0;0;0;0;0;0;0;0;0
R1;G3;50;25;0;0;0;0;0;0;0;4;1;2;2;2;1;1;1;4;0;0;0;0;0;0;0;0;0;0
R1;G4;50;25;0;0;0;0;0;0;0;0;4;1;3;0;0;1;3;3;0;0;0;0;0;0;0;0;0;0
R1;G2;50;25;0;0;0;0;0;1;3;4;2;4;6;0;1;0;1;0;0;0;0;0;0;0;0;0;0;0
R2;G5;0;25;0;0;0;0;0;3;6;7;2;1;3;1;0;0;0;0;0;0;0;0;0;0;0;0;0;0
R2;G1;0;25;0;0;0;0;0;7;11;3;2;0;0;0;0;0;0;0;0;0;0;0;0;0;0;0;0;0
R2;G6;0;25;0;0;0;0;0;2;7;7;3;3;1;0;0;0;0;0;0;0;0;0;0;0;0;0;0;0
R2;G3;0;25;0;0;0;0;3;4;1;7;1;1;1;0;0;0;0;0;0;0;0;0;0;0;0;0;0;0
R2;G4;0;25;0;0;0;0;0;1;4;7;0;5;1;1;0;0;2;0;0;0;0;0;0;0;0;0;0;0
R2;G2;0;25;0;0;0;0;3;6;7;5;1;1;0;0;0;0;0;1;0;0;0;0;0;0;0;0;0;0
R2;G5;100;25;0;0;0;0;0;0;0;0;2;0;1;0;1;0;1;0;0;0;0;0;0;0;0;0;0;0
R2;G6;100;25;0;0;0;0;1;0;1;0;3;1;0;5;0;0;1;3;0;0;0;0;0;0;0;0;0;0
R2;G3;100;25;0;0;0;0;0;0;0;1;0;0;0;0;0;0;0;0;0;0;0;0;0;0;0;0;0;0
R2;G2;100;25;0;0;0;0;0;0;0;0;0;0;0;0;0;1;0;0;0;0;0;0;0;0;0;0;0;0
R2;G5;50;25;0;0;0;0;0;0;2;0;6;8;2;0;0;1;1;1;0;0;0;0;0;0;0;0;0;0
R2;G1;50;25;0;0;0;0;0;0;2;2;1;1;2;0;1;1;1;4;0;0;0;0;0;0;0;0;0;0
R2;G6;50;25;0;0;0;0;0;1;1;3;3;3;2;3;1;1;0;1;0;0;0;0;0;0;0;0;0;0
R2;G3;50;25;0;0;0;0;0;1;0;1;0;0;1;0;0;1;0;0;0;0;0;0;0;0;0;0;0;0
R2;G4;50;25;0;0;0;0;0;0;2;1;2;0;0;1;0;1;0;3;0;0;0;0;0;0;0;0;0;0
R2;G2;50;25;0;0;0;0;0;4;4;7;1;2;0;1;0;1;0;1;0;0;0;0;0;0;0;0;0;0
R3;G5;0;25;0;0;0;0;0;5;8;9;2;0;0;0;0;0;0;0;0;0;0;0;0;0;0;0;0;0
R3;G1;0;25;0;0;0;0;0;3;11;5;3;0;0;0;0;1;0;0;0;0;0;0;0;0;0;0;0;0
R3;G6;0;25;0;0;0;0;0;5;3;4;3;5;1;2;0;0;0;0;0;0;0;0;0;0;0;0;0;0
R3;G3;0;25;0;0;0;0;0;2;5;5;3;1;1;0;1;0;1;1;0;0;0;0;0;0;0;0;0;0
R3;G4;0;25;0;0;0;0;0;1;2;11;2;2;1;0;0;0;0;0;0;0;0;0;0;0;0;0;0;0
R3;G2;0;25;0;0;0;0;0;7;7;2;2;0;2;0;0;0;0;0;0;0;0;0;0;0;0;0;0;0
R3;G5;100;25;0;0;0;0;0;0;0;0;0;0;2;1;0;0;1;0;0;0;0;0;0;0;0;0;0;0
R3;G6;100;25;0;0;0;0;0;0;0;0;1;0;1;0;0;0;0;0;0;0;0;0;0;0;0;0;0;0
R3;G3;100;25;0;0;0;0;0;0;0;0;0;0;0;0;0;2;0;0;0;0;0;0;0;0;0;0;0;0
R3;G2;100;25;0;0;0;0;0;0;0;0;2;1;0;0;0;0;0;0;0;0;0;0;0;0;0;0;0;0
R3;G5;50;25;0;0;0;0;0;0;5;2;5;4;4;3;0;0;0;0;0;0;0;0;0;0;0;0;0;0
R3;G1;50;25;0;0;0;0;0;1;0;1;2;4;2;2;2;0;1;4;0;0;0;0;0;0;0;0;0;0
R3;G6;50;25;0;0;0;0;0;0;3;3;2;5;3;2;0;0;1;0;0;0;0;0;0;0;0;0;0;0
R3;G3;50;25;0;0;0;0;0;0;0;2;4;3;3;0;2;0;0;0;0;0;0;0;0;0;0;0;0;0
R3;G4;50;25;0;0;0;0;0;0;0;0;0;0;4;1;0;2;0;1;0;0;0;0;0;0;0;0;0;0
R3;G2;50;25;0;0;0;0;0;5;1;6;3;3;0;4;0;1;1;0;0;0;0;0;0;0;0;0;0;0
R4;G5;0;25;0;0;0;0;5;4;4;4;1;1;0;0;0;0;0;1;0;0;0;0;0;0;0;0;0;0
R4;G1;0;25;0;0;0;0;0;0;0;6;1;5;4;2;1;0;0;0;0;0;0;0;0;0;0;0;0;0
R4;G6;0;25;0;0;0;0;0;2;8;4;4;0;1;0;0;1;0;0;0;0;0;0;0;0;0;0;0;0
R4;G3;0;25;0;0;0;0;0;4;1;3;1;7;2;0;1;0;0;0;0;0;0;0;0;0;0;0;0;0
R4;G4;0;25;0;0;0;0;0;0;3;6;2;0;5;0;0;0;0;1;0;0;0;0;0;0;0;0;0;0
R4;G2;0;25;0;0;0;0;4;1;1;6;1;1;0;0;0;0;0;1;0;0;0;0;0;0;0;0;0;0
R4;G5;100;25;0;0;0;0;0;0;0;0;1;1;1;0;0;0;0;3;0;0;0;0;0;0;0;0;0;0
R4;G6;100;25;0;0;0;0;0;0;0;0;0;0;0;1;0;0;0;1;0;0;0;0;0;0;0;0;0;0
R4;G3;100;25;0;0;0;0;0;0;0;0;0;0;0;0;1;0;0;0;0;0;0;0;0;0;0;0;0;0
R4;G4;100;25;0;0;0;0;0;0;0;0;0;0;0;1;0;0;0;0;0;0;0;0;0;0;0;0;0;0
R4;G2;100;25;0;0;0;0;0;0;0;0;0;0;0;0;1;2;0;0;0;0;0;0;0;0;0;0;0;0
R4;G5;50;25;0;0;0;0;0;1;2;4;2;3;1;0;1;0;2;5;0;0;0;0;0;0;0;0;0;0
R4;G1;50;25;0;0;0;0;0;2;2;1;1;2;0;1;1;3;1;4;0;0;0;0;0;0;0;0;0;0
R4;G6;50;25;0;0;0;0;0;0;3;3;3;1;5;2;3;0;0;2;0;0;0;0;0;0;0;0;0;0
R4;G3;50;25;0;0;0;0;0;0;1;0;0;1;2;0;0;0;0;0;0;0;0;0;0;0;0;0;0;0
R4;G4;50;25;0;0;0;0;0;0;1;3;2;2;0;2;2;0;1;0;0;0;0;0;0;0;0;0;0;0
R4;G2;50;25;0;0;0;0;0;0;0;13;4;2;0;0;2;0;0;0;0;0;0;0;0;0;0;0;0;0
